{"is_source_file": false, "format": "", "description": "", "external_files": [], "external_methods": [], "published": [], "classes": [], "methods": [], "calls": [], "search-terms": [], "state": 2, "file_id": 2, "knowledge_revision": 14, "git_revision": "192906865fba2f5a611ee1ce2a982ba49d4e54a6", "hash": "d2b40d02d5f7873d8a6713bad837edd4", "format-version": 4, "code-base-name": "frontend_web", "filename": "frontend_web/public/index.html", "revision_history": [{"14": "192906865fba2f5a611ee1ce2a982ba49d4e54a6"}]}