{"is_source_file": false, "format": "", "description": "", "external_files": [], "external_methods": [], "published": [], "classes": [], "methods": [], "calls": [], "search-terms": [], "state": 2, "file_id": 6, "knowledge_revision": 15, "git_revision": "192906865fba2f5a611ee1ce2a982ba49d4e54a6", "hash": "22f9e17cc1848b56dbb244518ac2707e", "format-version": 4, "code-base-name": "frontend_web", "filename": "frontend_web/src/App.css", "revision_history": [{"15": "192906865fba2f5a611ee1ce2a982ba49d4e54a6"}]}