{"is_source_file": false, "format": "", "description": "", "external_files": [], "external_methods": [], "published": [], "classes": [], "methods": [], "calls": [], "search-terms": [], "state": 2, "file_id": 10, "knowledge_revision": 18, "git_revision": "192906865fba2f5a611ee1ce2a982ba49d4e54a6", "hash": "d001d53c059625c4bcf75bf5a7f3fcf0", "format-version": 4, "code-base-name": "frontend_web", "filename": "frontend_web/package.json", "revision_history": [{"18": "192906865fba2f5a611ee1ce2a982ba49d4e54a6"}]}