{"is_source_file": true, "format": "JavaScript (React JSX)", "description": "This is the main entry point for a React web application, responsible for rendering the root component into the DOM.", "external_files": ["./index.css", "./App"], "external_methods": ["ReactDOM.createRoot", "root.render"], "published": [], "classes": [], "methods": [{"name": "ReactDOM.createRoot", "description": "Creates a React root for rendering React components."}, {"name": "root.render", "description": "Renders React elements into the root DOM node."}], "calls": ["ReactDOM.createRoot", "root.render", "document.getElementById"], "search-terms": ["React", "ReactDOM", "index.js", "render", "root"], "state": 2, "file_id": 4, "knowledge_revision": 24, "git_revision": "192906865fba2f5a611ee1ce2a982ba49d4e54a6", "ctags": [{"_type": "tag", "name": "root", "path": "/home/kavia/workspace/code-generation/simple-food-delivery-202624-202633/frontend_web/src/index.js", "pattern": "/^const root = ReactDOM.createRoot(document.getElementById('root'));$/", "language": "JavaScript", "kind": "constant"}], "hash": "9fc5841375336fc175b49f8767a11383", "format-version": 4, "code-base-name": "frontend_web", "filename": "frontend_web/src/index.js", "revision_history": [{"24": "192906865fba2f5a611ee1ce2a982ba49d4e54a6"}]}