{"is_source_file": true, "format": "JavaScript (React JSX)", "description": "This file defines a React component named 'App' that manages a theme state ('light' or 'dark'), rendering UI elements including a theme toggle button, an image, and some informative text. It also sets a data attribute on the document element based on the current theme.", "external_files": ["./logo.svg", "./App.css"], "external_methods": ["React.useState", "React.useEffect"], "published": ["App"], "classes": [], "methods": [{"name": "App()", "description": "React functional component that manages theme state, updates document attributes, and renders UI including a theme toggle button.", "scope": "", "scopeKind": ""}, {"name": "toggleTheme", "description": "Function to toggle the theme state between 'light' and 'dark'."}], "calls": ["React.useState", "React.useEffect", "document.documentElement.setAttribute", "setTheme", "prevTheme => prevTheme === 'light' ? 'dark' : 'light'", "toggleTheme"], "search-terms": ["React component", "theme toggle", "useState", "useEffect", "App.js", "light dark theme", "React and JS"], "state": 2, "file_id": 8, "knowledge_revision": 19, "git_revision": "192906865fba2f5a611ee1ce2a982ba49d4e54a6", "ctags": [{"_type": "tag", "name": "App", "path": "/home/kavia/workspace/code-generation/simple-food-delivery-202624-202633/frontend_web/src/App.js", "pattern": "/^function App() {$/", "language": "JavaScript", "kind": "function", "signature": "()"}, {"_type": "tag", "name": "Switch to ${theme === 'light' ? 'dark' : 'light'} mode", "path": "/home/kavia/workspace/code-generation/simple-food-delivery-202624-202633/frontend_web/src/App.js", "pattern": "/^          aria-label={`Switch to ${theme === 'light' ? 'dark' : 'light'} mode`}$/", "language": "JavaScript", "kind": "field", "scope": "App.aria", "scopeKind": "class"}, {"_type": "tag", "name": "toggleTheme", "path": "/home/kavia/workspace/code-generation/simple-food-delivery-202624-202633/frontend_web/src/App.js", "pattern": "/^          onClick={toggleTheme}$/", "language": "JavaScript", "kind": "field", "scope": "App.onClick", "scopeKind": "class"}], "hash": "b55dd9e6a018e59207d8e277dffd9e11", "format-version": 4, "code-base-name": "frontend_web", "filename": "frontend_web/src/App.js", "fields": [{"name": "aria-label={`Switch to ${theme === 'light' ? 'dark' : 'light'} mode`}", "scope": "App.aria", "scopeKind": "class", "description": "unavailable"}, {"name": "onClick={toggleTheme}", "scope": "App.onClick", "scopeKind": "class", "description": "unavailable"}], "revision_history": [{"19": "192906865fba2f5a611ee1ce2a982ba49d4e54a6"}]}