{"is_source_file": false, "format": "", "description": "", "external_files": [], "external_methods": [], "published": [], "classes": [], "methods": [], "calls": [], "search-terms": [], "state": 2, "file_id": 11, "knowledge_revision": 23, "git_revision": "192906865fba2f5a611ee1ce2a982ba49d4e54a6", "hash": "ebece526bc2eadd78ddd787a76c56607", "format-version": 4, "code-base-name": "frontend_web", "filename": "frontend_web/README.md", "revision_history": [{"23": "192906865fba2f5a611ee1ce2a982ba49d4e54a6"}]}