{"is_source_file": false, "format": "JSON", "description": "", "external_files": [], "external_methods": [], "published": [], "classes": [], "methods": [], "calls": [], "search-terms": [], "state": 2, "file_id": 1, "knowledge_revision": 17, "git_revision": "192906865fba2f5a611ee1ce2a982ba49d4e54a6", "hash": "d9d975cebe2ec20b6c652e1e4c12ccf0", "format-version": 4, "code-base-name": "frontend_web", "filename": "frontend_web/public/manifest.json", "revision_history": [{"17": "192906865fba2f5a611ee1ce2a982ba49d4e54a6"}]}