{"is_source_file": true, "format": "JavaScript", "description": "A test setup file for configuring Jest with additional matchers from '@testing-library/jest-dom' for testing DOM nodes in a React project.", "external_files": ["@testing-library/jest-dom"], "external_methods": ["jest-dom matchers (e.g., toHaveTextContent)"], "published": [], "classes": [], "methods": [], "calls": ["import '@testing-library/jest-dom'"], "search-terms": ["setupTests.js", "Jest DOM matchers", "React testing", "jest-dom"], "state": 2, "file_id": 3, "knowledge_revision": 25, "git_revision": "192906865fba2f5a611ee1ce2a982ba49d4e54a6", "ctags": [], "hash": "1a77571e1a8cf36018a41bcedf60db75", "format-version": 4, "code-base-name": "frontend_web", "filename": "frontend_web/src/setupTests.js", "revision_history": [{"25": "192906865fba2f5a611ee1ce2a982ba49d4e54a6"}]}